{"count":1,"self":258.0321536,"total":261.3411125,"children":{"InitializeActuators":{"count":1,"self":0.00099739999999999985,"total":0.00099739999999999985,"children":null},"InitializeSensors":{"count":1,"self":0.0029931,"total":0.0029931,"children":null},"AgentSendState":{"count":10258,"self":0.3161851,"total":0.4089219,"children":{"CollectObservations":{"count":3281,"self":0.036877099999999996,"total":0.036877099999999996,"children":null},"WriteActionMask":{"count":3281,"self":0.0139584,"total":0.0139584,"children":null},"RequestDecision":{"count":3281,"self":0.041901299999999995,"total":0.041901299999999995,"children":null}}},"DecideAction":{"count":10258,"self":2.7426193999999997,"total":2.7765351,"children":{"RayPerceptionSensor.Perceive":{"count":6562,"self":0.0339157,"total":0.0339157,"children":null}}},"AgentAct":{"count":10258,"self":0.11852299999999999,"total":0.11852299999999999,"children":null}},"gauges":{},"metadata":{"timer_format_version":"0.1.0","start_time_seconds":"1622157399","unity_version":"2020.3.6f1","command_line_arguments":"A:\\Program Files\\2020.3.6f1\\Editor\\Unity.exe -projectpath C:\/Users\/Laura Olmedo\/Documents\/GitHub\/SmartRacing -useHub -hubIPC -cloudEnvironment production -hubSessionId e3aa2420-bf1c-11eb-9a07-6bfa3e397346 -accessToken ppJWSteHJp7I4WVMKzWEYgaIInZ3-h-_4NkLZgB4sZ8001f","communication_protocol_version":"1.5.0","com.unity.ml-agents_version":"2.0.0-pre.3","scene_name":"Mapa3","end_time_seconds":"1622157660"}}